modalite,variable,colonne,manquant_%,moyenne,ecart_type,min,max,valeurs_extremes,moy_stables,moy_convertis,cohen_d,auc_univariee
clinique,Âge,clin_age,0.0,72.46,7.52,55.02,90.04,0,71.41,74.02,0.35,0.605
clinique,Sexe,clin_sexe,0.0,1.41,0.49,1.0,2.0,0,1.42,1.41,-0.01,0.503
clinique,Éducation (années),clin_education,0.3,16.07,2.67,7.0,20.0,0,16.17,15.92,-0.1,0.53
clinique,Allèles APOE4,clin_apoe4,0.0,0.58,0.66,0.0,2.0,0,0.42,0.83,0.64,0.663
cognitif,Mémoire (composite),cognitif_PHC_MEM,0.0,0.02,0.44,-1.0,1.91,0,0.2,-0.24,-1.16,0.797
mmse,MMSE,mmse_MMSCORE,0.0,27.59,1.84,19.0,30.0,0,28.12,26.82,-0.75,0.705
irm,Hippocampe (‰ crâne),irm_hippocampe,11.8,4.6,0.67,2.85,6.62,0,4.83,4.24,-0.99,0.758
irm,Amygdale (‰ crâne),irm_amygdale,11.8,1.87,0.32,0.8,2.91,0,1.97,1.71,-0.91,0.75
irm,Ventricules (‰ crâne),irm_ventricules,11.8,25.13,11.56,5.51,68.06,0,23.32,27.9,0.4,0.63
irm,Entorhinal vol. (‰),irm_entorhinal_vol,11.8,2.43,0.53,0.91,4.06,0,2.58,2.2,-0.78,0.72
irm,Fusiforme vol. (‰),irm_fusiforme_vol,11.8,11.44,1.29,7.0,16.25,0,11.72,11.0,-0.58,0.657
irm,Cerveau total (‰),irm_cerveau_total,11.8,678.61,38.26,582.47,851.08,1,687.51,664.94,-0.62,0.671
irm,Épaisseur entorhinale (mm),irm_entorhinal_ep,11.8,3.21,0.43,1.6,4.04,0,3.34,3.0,-0.82,0.732
pet_amyloide,Amyloïde PET (Centiloïdes),pet_amyloide_PHC_CENTILOIDS,43.8,35.02,44.09,-41.0,188.0,0,20.56,72.24,1.29,0.803
pet_fdg,FDG PET (MetaROI),fdg_metaroi,26.9,1.26,0.08,0.93,1.49,0,1.28,1.21,-0.98,0.77
lcr,LCR AB42,lcr_PHC_AB42,39.7,0.02,0.97,-2.4,2.07,0,0.4,-0.56,-1.15,0.781
lcr,LCR Tau,lcr_PHC_Tau,40.8,-0.03,1.04,-2.45,2.65,0,-0.43,0.57,1.1,0.785
lcr,LCR pTau181,lcr_PHC_pTau181,39.7,0.01,1.01,-2.4,2.91,0,-0.33,0.53,0.95,0.748
